<?xml version="1.0" encoding="UTF-8"?>
<project-private xmlns="http://www.netbeans.org/ns/project-private/1">
    <editor-bookmarks xmlns="http://www.netbeans.org/ns/editor-bookmarks/2" lastBookmarkId="0"/>
    <open-files xmlns="http://www.netbeans.org/ns/projectui-open-files/2">
        <group>
            <file>file:/Users/hectorsama/Downloads/Proceso-Digital-de-Imagenes-master/src/vista/Inicio.fxml</file>
            <file>file:/Users/hectorsama/Downloads/Proceso-Digital-de-Imagenes-master/src/controladorFiltro/InicioController.java</file>
            <file>file:/Users/hectorsama/Downloads/Proceso-Digital-de-Imagenes-master/src/Main.java</file>
            <file>file:/Users/hectorsama/Downloads/Proceso-Digital-de-Imagenes-master/src/vista/inicio.css</file>
        </group>
    </open-files>
</project-private>
