<?xml version="1.0" encoding="UTF-8"?>
<project-private xmlns="http://www.netbeans.org/ns/project-private/1">
    <editor-bookmarks xmlns="http://www.netbeans.org/ns/editor-bookmarks/2" lastBookmarkId="0"/>
    <open-files xmlns="http://www.netbeans.org/ns/projectui-open-files/2">
        <group>
            <file>file:/Users/hectorsama/Documents/PDi/Tarea7/src/filtroMarca/FiltroSemitonos.java</file>
            <file>file:/Users/hectorsama/Documents/PDi/Tarea7/src/filtroMarca/FiltroTonosGris.java</file>
            <file>file:/Users/hectorsama/Documents/PDi/Tarea7/src/controladorFiltro/InicioController.java</file>
            <file>file:/Users/hectorsama/Documents/PDi/Tarea7/src/filtroMarca/ImagenRecursiva.java</file>
            <file>file:/Users/hectorsama/Documents/PDi/Tarea7/src/vista/Inicio.fxml</file>
        </group>
    </open-files>
</project-private>
